{"text":"The trip takes <span class=\"length\">11.6 km</span> and <span class=\"time\">18 mins</span>.","distance":11604.0,"route":[[26.0903513,44.5560515],[26.0901904,44.5558798],[26.08989,44.5554721],[26.0878515,44.5553756],[26.0873044,44.5551932],[26.0867679,44.554925],[26.0863066,44.5546246],[26.0860276,44.5544958],[26.0852015,44.5541632],[26.0849118,44.5539916],[26.0845149,44.5536053],[26.0843432,44.553262],[26.0841823,44.5530367],[26.0840857,44.5527256],[26.0835278,44.5525539],[26.0828733,44.5523071],[26.0826266,44.552232],[26.0800624,44.5515454],[26.0800838,44.5507836],[26.0801482,44.5497537],[26.0802448,44.548831],[26.0803199,44.5483911],[26.0804486,44.5478547],[26.0806525,44.5472646],[26.0812104,44.545505],[26.0819292,44.5431769],[26.0825837,44.5414388],[26.0832274,44.539572],[26.0834098,44.5390248],[26.0835707,44.5385742],[26.083796,44.5380485],[26.0837531,44.5380378],[26.0836995,44.5379949],[26.083442,44.5379841],[26.0824549,44.5378447],[26.0814464,44.5376408],[26.0805988,44.5374262],[26.0801375,44.5373511],[26.0785925,44.537158],[26.0781848,44.5371151],[26.0776591,44.5370829],[26.0772943,44.5370293],[26.0745263,44.536525],[26.0742795,44.5364714],[26.0722518,44.5358598],[26.0712969,44.5356238],[26.0688186,44.5349693],[26.0680997,44.5347548],[26.0679173,44.5347548],[26.067853,44.5348084],[26.0678422,44.5348513],[26.067853,44.5350552],[26.0678959,44.535259],[26.0681319,44.5359349],[26.0682178,44.5362675],[26.0682714,44.5366108],[26.068325,44.5376623],[26.0682714,44.5377803],[26.0681105,44.5380163],[26.068089,44.53807],[26.0681105,44.5381451],[26.0682285,44.5382309],[26.0683143,44.538188],[26.0684001,44.5380914],[26.0685611,44.5377803],[26.0684431,44.5345938],[26.0684538,44.5337462],[26.0684967,44.5332849],[26.0685396,44.5330489],[26.0686469,44.5326197],[26.0690331,44.5315468],[26.0696769,44.5299804],[26.0703206,44.5283175],[26.071018,44.5264399],[26.0711253,44.5262039],[26.0714686,44.5256138],[26.0717475,44.5252061],[26.0718763,44.5250452],[26.0723913,44.5244658],[26.0745907,44.522084],[26.0781527,44.5181572],[26.0785818,44.5176744],[26.0789251,44.5172238],[26.0790324,44.5170414],[26.0792041,44.5167089],[26.0793543,44.5163548],[26.0802448,44.5140696],[26.0817683,44.5101106],[26.0819936,44.5094883],[26.0820901,44.5091665],[26.0821652,44.5088553],[26.0821867,44.5086408],[26.0821974,44.5082545],[26.082176,44.5080614],[26.0821438,44.5078039],[26.0819829,44.5069778],[26.0816932,44.505626],[26.0815644,44.5051754],[26.0806847,44.5024395],[26.0805452,44.5019352],[26.0800731,44.5000041],[26.0798156,44.4990492],[26.0791397,44.4962275],[26.0791075,44.4960451],[26.0790753,44.4956267],[26.0792041,44.4937384],[26.0792148,44.4926548],[26.0790217,44.490273],[26.078968,44.4899082],[26.0788393,44.4893074],[26.078732,44.4889641],[26.0786462,44.4887602],[26.0779703,44.4872582],[26.0775518,44.4864535],[26.0764575,44.484576],[26.0763395,44.4845223],[26.0761356,44.4843078],[26.0759211,44.4844258],[26.0756743,44.4845009],[26.0755026,44.4845009],[26.0749769,44.4845974],[26.0745156,44.4846618],[26.0738504,44.484694],[26.0737109,44.4846725],[26.0734856,44.4846296],[26.0717583,44.4841576],[26.0686576,44.4834065],[26.0678852,44.483192],[26.0683787,44.4822156],[26.0708962,44.4828571]]}