{"text":"The trip takes <span class=\"length\">25.2 km</span> and <span class=\"time\">40 mins</span>.","distance":25228.0,"route":[[26.2621845,44.4196773],[26.2620986,44.4196343],[26.26212,44.4195056],[26.2624633,44.4191408],[26.2633431,44.4177675],[26.2634182,44.4176173],[26.2634397,44.4175315],[26.2634182,44.4171882],[26.2634826,44.4170272],[26.2635684,44.4169521],[26.2636542,44.4169199],[26.2638688,44.416877],[26.2639439,44.4168341],[26.2639439,44.4167483],[26.263783,44.4160616],[26.2637079,44.4155896],[26.2636328,44.4148064],[26.2635148,44.4145274],[26.2632465,44.4140768],[26.2631071,44.4136477],[26.2630856,44.4133472],[26.2631392,44.413079],[26.2632895,44.4125211],[26.2634504,44.4123816],[26.2635255,44.4122851],[26.2636113,44.4120705],[26.2638152,44.411695],[26.2642872,44.4112122],[26.2644053,44.4109976],[26.2644482,44.4108796],[26.2645447,44.4107831],[26.2647915,44.4106328],[26.2654138,44.4103324],[26.2662506,44.4099569],[26.2663686,44.4099247],[26.2674952,44.4097209],[26.2677205,44.4096994],[26.2679243,44.4096994],[26.2686539,44.4097853],[26.2698984,44.4100749],[26.271894,44.4104505],[26.2731063,44.4107401],[26.2732136,44.4107401],[26.2732995,44.4107187],[26.273396,44.410665],[26.2738252,44.4103324],[26.2743187,44.4099033],[26.2743938,44.4098926],[26.2774193,44.4113946],[26.2798119,44.4126177],[26.2798977,44.4127035],[26.2799406,44.412843],[26.2799728,44.4131005],[26.2800372,44.4131863],[26.2801445,44.41324],[26.2802839,44.4132507],[26.2805843,44.4131541],[26.2805307,44.4130898],[26.2805092,44.4130361],[26.2805092,44.4129825],[26.2805521,44.4128752],[26.2805951,44.412843],[26.2799728,44.4124997],[26.277709,44.4113731],[26.2773335,44.4111586],[26.2772048,44.411062],[26.2770975,44.4109547],[26.2769473,44.4106972],[26.2768936,44.4104183],[26.2768936,44.4102788],[26.2769258,44.4101179],[26.2770331,44.4098711],[26.2769687,44.4096136],[26.2768614,44.4093883],[26.2766683,44.4091952],[26.276561,44.4091308],[26.2760997,44.4089162],[26.274941,44.408766],[26.2743187,44.4087017],[26.2732351,44.4086051],[26.2711859,44.4084656],[26.2692976,44.4084334],[26.2676454,44.4084549],[26.254245,44.4090664],[26.2519276,44.4091845],[26.2496531,44.4092596],[26.2479472,44.4092488],[26.2461019,44.4091845],[26.2454045,44.4091415],[26.2437522,44.4090021],[26.2425721,44.4088733],[26.2415743,44.4087446],[26.240598,44.4085944],[26.2395036,44.4084013],[26.2343645,44.4073284],[26.2334847,44.4071567],[26.2326586,44.407028],[26.2316072,44.4068885],[26.231221,44.4068456],[26.2300837,44.4067597],[26.2287211,44.4066954],[26.2276483,44.4066954],[26.2266397,44.4067276],[26.2250519,44.4068348],[26.2237108,44.4069743],[26.2228417,44.407028],[26.2215436,44.4070709],[26.219666,44.4070172],[26.2188935,44.4070172],[26.2183356,44.4070387],[26.2179494,44.4070172],[26.2175417,44.4069743],[26.2170804,44.4068885],[26.2166727,44.4067919],[26.2164688,44.4067168],[26.2160289,44.4065988],[26.2157285,44.4065452],[26.210525,44.4057298],[26.2092161,44.4055152],[26.2086689,44.405483],[26.2084007,44.405483],[26.2071884,44.4055688],[26.2064266,44.4056654],[26.2048709,44.4059336],[26.1936164,44.4077253],[26.1930048,44.4078434],[26.1914063,44.4080901],[26.1893785,44.4084334],[26.1857951,44.4089806],[26.1837244,44.4093239],[26.1835849,44.4093347],[26.1799157,44.409914],[26.1728239,44.4109547],[26.1718583,44.4111371],[26.1712682,44.4112659],[26.1705065,44.411459],[26.1653781,44.4128644],[26.1641443,44.4131327],[26.1637044,44.4132078],[26.163125,44.4132936],[26.1625242,44.4133472],[26.1580503,44.4136691],[26.1571705,44.4137871],[26.1567843,44.4138622],[26.1559582,44.4140446],[26.1551213,44.4143236],[26.1538875,44.4148064],[26.1532974,44.4150639],[26.1514306,44.4158149],[26.1474609,44.4174457],[26.1466992,44.4177246],[26.1460018,44.4179499],[26.1450577,44.4182181],[26.1395645,44.4196129],[26.1393607,44.4196451],[26.1373436,44.4201815],[26.1369896,44.4202459],[26.1367428,44.4202137],[26.1368716,44.420836],[26.1370325,44.4217587],[26.13729,44.4233787],[26.1373651,44.4238937],[26.137408,44.4245481],[26.137526,44.4246769],[26.137569,44.4248056],[26.1376333,44.4251919],[26.1376655,44.4255352],[26.1376119,44.4256532],[26.1377406,44.4261038],[26.1378694,44.4264686],[26.1380196,44.4268441],[26.1388135,44.4286251],[26.1389315,44.4289148],[26.1390388,44.4292903],[26.1391354,44.429419],[26.1392212,44.4295907],[26.1392748,44.4298053],[26.139307,44.430052],[26.1393178,44.4304812],[26.1392641,44.4308674],[26.1391997,44.4310927],[26.1390924,44.431361],[26.1386204,44.4324231],[26.1379015,44.4339466],[26.1377192,44.434365],[26.1376548,44.4344938],[26.1375046,44.4346654],[26.1371076,44.4356954],[26.136775,44.4366395],[26.1364424,44.437412],[26.136142,44.4379163],[26.1357021,44.4385815],[26.1352515,44.4392252],[26.1344469,44.4403195],[26.1341465,44.4406199],[26.1334383,44.4412422],[26.1321294,44.4420147],[26.1319041,44.4421649],[26.1295867,44.4434845],[26.1290288,44.4438386],[26.1284065,44.4442892],[26.1280632,44.4445789],[26.127795,44.4448364],[26.1271513,44.4455767],[26.1267114,44.4461346],[26.1265075,44.4464564],[26.1262822,44.4468749],[26.1262393,44.4472075],[26.1261535,44.4475508],[26.126014,44.4480014],[26.1257994,44.4483876],[26.1256385,44.4486022],[26.125381,44.4488919],[26.1244583,44.4498146],[26.1241794,44.4500613],[26.1239219,44.4502652],[26.1228704,44.4510055],[26.1226666,44.4511449],[26.1223876,44.4512951],[26.121937,44.4514883],[26.1207247,44.4518638],[26.119684,44.4521427],[26.1192548,44.4522393],[26.1183751,44.4524217],[26.116991,44.4525933],[26.1147916,44.4527757],[26.1139333,44.4528615],[26.1127424,44.4529259],[26.1116052,44.4529581],[26.1059082,44.4530547],[26.1005437,44.4530654],[26.0986125,44.4530439],[26.0977542,44.4548035],[26.0973895,44.4554579],[26.0969925,44.4561124],[26.0964775,44.4568849],[26.0955441,44.4583547],[26.094836,44.4593954],[26.0944927,44.4599748],[26.0939884,44.46064],[26.0939562,44.4608438],[26.0939133,44.4609189],[26.0930765,44.4620132],[26.0925615,44.4626355],[26.0917675,44.4633329],[26.0912848,44.4636333],[26.0905123,44.4640625],[26.0878515,44.4653714],[26.0873044,44.465661],[26.0867679,44.4659078],[26.0868752,44.4660151],[26.0868967,44.4660902],[26.0868967,44.466176],[26.0868752,44.4662619],[26.0868323,44.4663262],[26.0867143,44.4664228],[26.0866284,44.466455],[26.086446,44.4664764],[26.0862422,44.466455],[26.0861349,44.4664121],[26.0860491,44.4663477],[26.0859847,44.4662941],[26.0859525,44.4662189],[26.0790002,44.4670773],[26.0786033,44.4671953],[26.0784853,44.4672489],[26.0784531,44.4673133],[26.0783887,44.4673669],[26.0782492,44.4674313],[26.0780346,44.467603],[26.0778201,44.467839],[26.077745,44.4679785],[26.073904,44.4756281],[26.0729063,44.4775701],[26.0728848,44.4778597],[26.073035,44.4779563],[26.0730565,44.478085],[26.073035,44.4782245],[26.0729384,44.4783103],[26.0728633,44.4783533],[26.0727775,44.4783747],[26.0725629,44.4783747],[26.0724127,44.4782996],[26.0693443,44.4794476],[26.0695481,44.4797266],[26.069634,44.4797266],[26.0696983,44.4797587],[26.0697198,44.4798017],[26.0697091,44.4798446],[26.0696447,44.4798875],[26.0696125,44.4798875],[26.0691297,44.4808102],[26.0690224,44.480778],[26.0689473,44.4807994],[26.0687649,44.4808853],[26.0687006,44.4809389],[26.0686576,44.481014],[26.0686576,44.4810784],[26.0687649,44.4812715],[26.0687649,44.4813788],[26.0687435,44.4814539],[26.0683787,44.4822156],[26.0708962,44.4828571]]}