{"text":"The trip takes <span class=\"length\">10.4 km</span> and <span class=\"time\">20 mins</span>.","distance":10406.0,"route":[[26.1187254,44.4141783],[26.1188149,44.4137013],[26.1188471,44.4134116],[26.1178064,44.4134331],[26.1140192,44.4169521],[26.1137187,44.4171667],[26.1136007,44.417274],[26.1117768,44.4190013],[26.1116374,44.419173],[26.111455,44.419452],[26.1113048,44.4197524],[26.110543,44.4217694],[26.1101031,44.4228745],[26.1099851,44.4231319],[26.1094916,44.422971],[26.1089122,44.4227457],[26.1086762,44.4226813],[26.1061978,44.4218659],[26.1049533,44.4214904],[26.1040628,44.4215977],[26.104095,44.4227242],[26.104095,44.4232929],[26.1041701,44.4234753],[26.1041808,44.4236362],[26.1041915,44.4252241],[26.1042452,44.4258142],[26.1042666,44.4266295],[26.1042345,44.4270372],[26.104095,44.4279492],[26.1040306,44.4287109],[26.1039126,44.4293869],[26.1038804,44.429698],[26.1037946,44.4315541],[26.1037731,44.4317579],[26.1034083,44.4334209],[26.103344,44.4335604],[26.1031938,44.4336784],[26.1028397,44.4346976],[26.1028826,44.43488],[26.1028075,44.4352663],[26.1027968,44.4354379],[26.1027539,44.4355881],[26.1026251,44.435674],[26.1022282,44.436146],[26.1020565,44.4362748],[26.1012518,44.4377983],[26.0995996,44.4411242],[26.0992563,44.4417679],[26.0982049,44.4439459],[26.0980439,44.4443107],[26.0977864,44.4447935],[26.0968101,44.4467783],[26.0968101,44.4468749],[26.0967135,44.4470143],[26.0965633,44.4471216],[26.087873,44.4514883],[26.0870683,44.4519174],[26.0865211,44.4522607],[26.086328,44.4523251],[26.0862744,44.4527972],[26.0862315,44.4530225],[26.0861027,44.4536233],[26.0860813,44.4538379],[26.086092,44.4557583],[26.0860813,44.4595671],[26.0860705,44.4596744],[26.0861564,44.4597065],[26.0861778,44.4597816],[26.0861671,44.4598246],[26.0861135,44.4598782],[26.0860598,44.4598889],[26.0861456,44.4608867],[26.0864246,44.4654036],[26.0864353,44.4658113],[26.0867035,44.4658649],[26.0868323,44.4659615],[26.0868752,44.4660151],[26.0868967,44.4660902],[26.0868967,44.466176],[26.0868752,44.4662619],[26.0868323,44.4663262],[26.0867143,44.4664228],[26.0866284,44.466455],[26.086446,44.4664764],[26.0862422,44.466455],[26.0861349,44.4664121],[26.0860491,44.4663477],[26.0859847,44.4662941],[26.0859525,44.4662189],[26.0790002,44.4670773],[26.0786033,44.4671953],[26.0784853,44.4672489],[26.0784531,44.4673133],[26.0783887,44.4673669],[26.0782492,44.4674313],[26.0780346,44.467603],[26.0778201,44.467839],[26.077745,44.4679785],[26.073904,44.4756281],[26.0729063,44.4775701],[26.0728848,44.4778597],[26.073035,44.4779563],[26.0730565,44.478085],[26.073035,44.4782245],[26.0729384,44.4783103],[26.0728633,44.4783533],[26.0727775,44.4783747],[26.0725629,44.4783747],[26.0724127,44.4782996],[26.0693443,44.4794476],[26.0695481,44.4797266],[26.069634,44.4797266],[26.0696983,44.4797587],[26.0697198,44.4798017],[26.0697091,44.4798446],[26.0696447,44.4798875],[26.0696125,44.4798875],[26.0691297,44.4808102],[26.0690224,44.480778],[26.0689473,44.4807994],[26.0687649,44.4808853],[26.0687006,44.4809389],[26.0686576,44.481014],[26.0686576,44.4810784],[26.0687649,44.4812715],[26.0687649,44.4813788],[26.0687435,44.4814539],[26.0683787,44.4822156],[26.0708962,44.4828571]]}