{"text":"The trip takes <span class=\"length\">3.9 km</span> and <span class=\"time\">8 mins</span>.","distance":3907.0,"route":[[26.085037,44.4607485],[26.0850513,44.45961],[26.0859525,44.4597387],[26.0860062,44.4596851],[26.0860705,44.4596744],[26.0861564,44.4597065],[26.0861778,44.4597495],[26.0861671,44.4598246],[26.0861135,44.4598782],[26.0860598,44.4598889],[26.0861456,44.4608867],[26.0864246,44.4654036],[26.0864353,44.4658113],[26.0867035,44.4658649],[26.0868323,44.4659615],[26.0868752,44.4660151],[26.0868967,44.4660902],[26.0868967,44.466176],[26.0868752,44.4662619],[26.0868323,44.4663262],[26.0867143,44.4664228],[26.0866284,44.466455],[26.086446,44.4664764],[26.0862422,44.466455],[26.0861349,44.4664121],[26.0860491,44.4663477],[26.0859847,44.4662941],[26.0859525,44.4662189],[26.0790002,44.4670773],[26.0786033,44.4671953],[26.0784853,44.4672489],[26.0784531,44.4673133],[26.0783887,44.4673669],[26.0782492,44.4674313],[26.0780346,44.467603],[26.0778201,44.467839],[26.077745,44.4679785],[26.073904,44.4756281],[26.0729063,44.4775701],[26.0728848,44.4778597],[26.073035,44.4779563],[26.0730565,44.478085],[26.073035,44.4782245],[26.0729384,44.4783103],[26.0728633,44.4783533],[26.0727775,44.4783747],[26.0725629,44.4783747],[26.0724127,44.4782996],[26.0693443,44.4794476],[26.0695481,44.4797266],[26.069634,44.4797266],[26.0696983,44.4797587],[26.0697198,44.4798017],[26.0697091,44.4798446],[26.0696447,44.4798875],[26.0696125,44.4798875],[26.0691297,44.4808102],[26.0690224,44.480778],[26.0689473,44.4807994],[26.0687649,44.4808853],[26.0687006,44.4809389],[26.0686576,44.481014],[26.0686576,44.4810784],[26.0687649,44.4812715],[26.0687649,44.4813788],[26.0687435,44.4814539],[26.0683787,44.4822156],[26.0708962,44.4828571]]}