{"text":"The trip takes <span class=\"length\">8.6 km</span> and <span class=\"time\">18 mins</span>.","distance":8635.0,"route":[[26.0438673,44.4376424],[26.0448289,44.4374549],[26.0454941,44.4374657],[26.046685,44.4374549],[26.0468996,44.4379056],[26.0469961,44.438163],[26.045655,44.4383883],[26.0454082,44.4383776],[26.0450113,44.4384527],[26.043992,44.4387853],[26.0438848,44.4387853],[26.0437882,44.4387424],[26.0436058,44.4387531],[26.0429835,44.4388819],[26.0427582,44.4389141],[26.0425651,44.4389141],[26.0422969,44.4388819],[26.0418463,44.4389141],[26.0415351,44.4389784],[26.0414279,44.4390321],[26.0413527,44.4391072],[26.0412455,44.4393218],[26.0410953,44.4394934],[26.0409772,44.4395685],[26.0399902,44.439826],[26.0399151,44.4398046],[26.0395074,44.4395578],[26.0394216,44.4395256],[26.0391963,44.4394827],[26.0382736,44.4394505],[26.0381126,44.4394183],[26.0379732,44.4393647],[26.0378659,44.4392681],[26.0373187,44.4384205],[26.0371256,44.4385493],[26.0353875,44.4388926],[26.035527,44.441725],[26.0355914,44.4421113],[26.0356772,44.4424117],[26.0357952,44.4426799],[26.0359776,44.4429803],[26.0360849,44.4431198],[26.0377908,44.4451046],[26.037941,44.4452548],[26.0382736,44.4456625],[26.0386276,44.4461775],[26.0389924,44.4468427],[26.0394001,44.4476473],[26.0395825,44.4478726],[26.0398293,44.448055],[26.0425544,44.4492996],[26.0431445,44.4495785],[26.0436594,44.4498575],[26.0443246,44.4502759],[26.0464168,44.4516599],[26.047039,44.4520462],[26.0482085,44.4528615],[26.0485089,44.4530439],[26.0487556,44.4531512],[26.048938,44.4532049],[26.050719,44.4534516],[26.0534978,44.4537199],[26.054045,44.4537842],[26.0574031,44.4540846],[26.0576713,44.4540954],[26.0588086,44.4542885],[26.0595059,44.4544709],[26.0599244,44.4546103],[26.0629177,44.4557047],[26.0642052,44.4561982],[26.0657072,44.4567454],[26.0669518,44.4572711],[26.0672951,44.457432],[26.0679495,44.4577754],[26.0684645,44.4580758],[26.0686791,44.458226],[26.0691404,44.4585907],[26.0695052,44.4589233],[26.0716724,44.4611228],[26.0724127,44.4618952],[26.072681,44.462142],[26.0738182,44.4630325],[26.0743546,44.4635046],[26.0757816,44.4649529],[26.0758352,44.465071],[26.0760927,44.465307],[26.0774231,44.4668198],[26.0775733,44.4668949],[26.0778952,44.4669914],[26.0780454,44.4669378],[26.0781527,44.4669378],[26.0783029,44.46697],[26.0784531,44.4670773],[26.0784853,44.4671309],[26.0784853,44.4672489],[26.0784531,44.4673133],[26.0783887,44.4673669],[26.0782492,44.4674313],[26.0780346,44.467603],[26.0778201,44.467839],[26.077745,44.4679785],[26.073904,44.4756281],[26.0729063,44.4775701],[26.0728848,44.4778597],[26.073035,44.4779563],[26.0730565,44.478085],[26.073035,44.4782245],[26.0729384,44.4783103],[26.0728633,44.4783533],[26.0727775,44.4783747],[26.0725629,44.4783747],[26.0724127,44.4782996],[26.0693443,44.4794476],[26.0695481,44.4797266],[26.069634,44.4797266],[26.0696983,44.4797587],[26.0697198,44.4798017],[26.0697091,44.4798446],[26.0696447,44.4798875],[26.0696125,44.4798875],[26.0691297,44.4808102],[26.0690224,44.480778],[26.0689473,44.4807994],[26.0687649,44.4808853],[26.0687006,44.4809389],[26.0686576,44.481014],[26.0686576,44.4810784],[26.0687649,44.4812715],[26.0687649,44.4813788],[26.0687435,44.4814539],[26.0683787,44.4822156],[26.0708962,44.4828571]]}