{"text":"The trip takes <span class=\"length\">5.1 km</span> and <span class=\"time\">10 mins</span>.","distance":5137.0,"route":[[26.0828519,44.5175564],[26.0828197,44.5173097],[26.0842037,44.5171595],[26.0837746,44.5149815],[26.0836458,44.5149708],[26.08356,44.5149279],[26.0834956,44.5148313],[26.0835063,44.5147455],[26.0807168,44.5140266],[26.0805452,44.5139945],[26.0804057,44.5140696],[26.0803521,44.5140803],[26.0802448,44.5140696],[26.0801697,44.5140481],[26.0800838,44.5139945],[26.0800624,44.5139515],[26.0800517,44.5138657],[26.0800946,44.5137906],[26.0801697,44.513737],[26.0802555,44.5133829],[26.081425,44.5103574],[26.0817683,44.5101106],[26.0819936,44.5094883],[26.0820901,44.5091665],[26.0821652,44.5088553],[26.0821867,44.5086408],[26.0821974,44.5082545],[26.082176,44.5080614],[26.0821438,44.5078039],[26.0819829,44.5069778],[26.0816932,44.505626],[26.0815644,44.5051754],[26.0806847,44.5024395],[26.0805452,44.5019352],[26.0800731,44.5000041],[26.0798156,44.4990492],[26.0791397,44.4962275],[26.0791075,44.4960451],[26.0790753,44.4956267],[26.0792041,44.4937384],[26.0792148,44.4926548],[26.0790217,44.490273],[26.078968,44.4899082],[26.0788393,44.4893074],[26.078732,44.4889641],[26.0786462,44.4887602],[26.0779703,44.4872582],[26.0775518,44.4864535],[26.0764575,44.484576],[26.0763395,44.4845223],[26.0761356,44.4843078],[26.0759211,44.4844258],[26.0756743,44.4845009],[26.0755026,44.4845009],[26.0749769,44.4845974],[26.0745156,44.4846618],[26.0738504,44.484694],[26.0737109,44.4846725],[26.0734856,44.4846296],[26.0717583,44.4841576],[26.0686576,44.4834065],[26.0678852,44.483192],[26.0683787,44.4822156],[26.0708962,44.4828571]]}