{"text":"The trip takes <span class=\"length\">6.5 km</span> and <span class=\"time\">14 mins</span>.","distance":6517.0,"route":[[26.1138475,44.458226],[26.1141694,44.4583869],[26.1142015,44.4584513],[26.1141908,44.4585049],[26.1140621,44.4587302],[26.1133647,44.4597065],[26.1123455,44.4593418],[26.1106718,44.458698],[26.1069381,44.4573033],[26.1061549,44.4570351],[26.1059189,44.4569707],[26.1058116,44.4565845],[26.1048353,44.4536018],[26.1048353,44.4534087],[26.1045241,44.4530547],[26.1005437,44.4530654],[26.0986125,44.4530439],[26.0977542,44.4548035],[26.0973895,44.4554579],[26.0969925,44.4561124],[26.0964775,44.4568849],[26.0955441,44.4583547],[26.094836,44.4593954],[26.0944927,44.4599748],[26.0939884,44.46064],[26.0939562,44.4608438],[26.0939133,44.4609189],[26.0930765,44.4620132],[26.0925615,44.4626355],[26.0917675,44.4633329],[26.0912848,44.4636333],[26.0905123,44.4640625],[26.0878515,44.4653714],[26.0873044,44.465661],[26.0867679,44.4659078],[26.0868752,44.4660151],[26.0868967,44.4660902],[26.0868967,44.466176],[26.0868752,44.4662619],[26.0868323,44.4663262],[26.0867143,44.4664228],[26.0866284,44.466455],[26.086446,44.4664764],[26.0862422,44.466455],[26.0861349,44.4664121],[26.0860491,44.4663477],[26.0859847,44.4662941],[26.0859525,44.4662189],[26.0790002,44.4670773],[26.0786033,44.4671953],[26.0784853,44.4672489],[26.0784531,44.4673133],[26.0783887,44.4673669],[26.0782492,44.4674313],[26.0780346,44.467603],[26.0778201,44.467839],[26.077745,44.4679785],[26.073904,44.4756281],[26.0729063,44.4775701],[26.0728848,44.4778597],[26.073035,44.4779563],[26.0730565,44.478085],[26.073035,44.4782245],[26.0729384,44.4783103],[26.0728633,44.4783533],[26.0727775,44.4783747],[26.0725629,44.4783747],[26.0724127,44.4782996],[26.0693443,44.4794476],[26.0695481,44.4797266],[26.069634,44.4797266],[26.0696983,44.4797587],[26.0697198,44.4798017],[26.0697091,44.4798446],[26.0696447,44.4798875],[26.0696125,44.4798875],[26.0691297,44.4808102],[26.0690224,44.480778],[26.0689473,44.4807994],[26.0687649,44.4808853],[26.0687006,44.4809389],[26.0686576,44.481014],[26.0686576,44.4810784],[26.0687649,44.4812715],[26.0687649,44.4813788],[26.0687435,44.4814539],[26.0683787,44.4822156],[26.0708962,44.4828571]]}