{"text":"The trip takes <span class=\"length\">9.2 km</span> and <span class=\"time\">18 mins</span>.","distance":9211.0,"route":[[26.1404765,44.4354701],[26.1406052,44.4354379],[26.1409163,44.4352233],[26.1411202,44.4349658],[26.140691,44.4349337],[26.1396825,44.4349551],[26.1391139,44.4350946],[26.1383951,44.4353735],[26.1379552,44.435513],[26.1375582,44.4356096],[26.1371076,44.4356954],[26.1366677,44.4369078],[26.1364424,44.437412],[26.1363459,44.4375837],[26.1357021,44.4385815],[26.1352515,44.4392252],[26.1344469,44.4403195],[26.1341465,44.4406199],[26.1334383,44.4412422],[26.1321294,44.4420147],[26.1319041,44.4421649],[26.1295867,44.4434845],[26.1290288,44.4438386],[26.1284065,44.4442892],[26.1280632,44.4445789],[26.127795,44.4448364],[26.1271513,44.4455767],[26.1267114,44.4461346],[26.1265075,44.4464564],[26.1262822,44.4468749],[26.1262393,44.4472075],[26.1261535,44.4475508],[26.126014,44.4480014],[26.1257994,44.4483876],[26.1256385,44.4486022],[26.125381,44.4488919],[26.1244583,44.4498146],[26.1241794,44.4500613],[26.1239219,44.4502652],[26.1228704,44.4510055],[26.1226666,44.4511449],[26.1223876,44.4512951],[26.121937,44.4514883],[26.1207247,44.4518638],[26.119684,44.4521427],[26.1192548,44.4522393],[26.1183751,44.4524217],[26.116991,44.4525933],[26.1147916,44.4527757],[26.1139333,44.4528615],[26.1127424,44.4529259],[26.1116052,44.4529581],[26.1059082,44.4530547],[26.1005437,44.4530654],[26.0986125,44.4530439],[26.0977542,44.4548035],[26.0973895,44.4554579],[26.0969925,44.4561124],[26.0964775,44.4568849],[26.0955441,44.4583547],[26.094836,44.4593954],[26.0944927,44.4599748],[26.0939884,44.46064],[26.0939562,44.4608438],[26.0939133,44.4609189],[26.0930765,44.4620132],[26.0925615,44.4626355],[26.0917675,44.4633329],[26.0912848,44.4636333],[26.0905123,44.4640625],[26.0878515,44.4653714],[26.0873044,44.465661],[26.0867679,44.4659078],[26.0868752,44.4660151],[26.0868967,44.4660902],[26.0868967,44.466176],[26.0868752,44.4662619],[26.0868323,44.4663262],[26.0867143,44.4664228],[26.0866284,44.466455],[26.086446,44.4664764],[26.0862422,44.466455],[26.0861349,44.4664121],[26.0860491,44.4663477],[26.0859847,44.4662941],[26.0859525,44.4662189],[26.0790002,44.4670773],[26.0786033,44.4671953],[26.0784853,44.4672489],[26.0784531,44.4673133],[26.0783887,44.4673669],[26.0782492,44.4674313],[26.0780346,44.467603],[26.0778201,44.467839],[26.077745,44.4679785],[26.073904,44.4756281],[26.0729063,44.4775701],[26.0728848,44.4778597],[26.073035,44.4779563],[26.0730565,44.478085],[26.073035,44.4782245],[26.0729384,44.4783103],[26.0728633,44.4783533],[26.0727775,44.4783747],[26.0725629,44.4783747],[26.0724127,44.4782996],[26.0693443,44.4794476],[26.0695481,44.4797266],[26.069634,44.4797266],[26.0696983,44.4797587],[26.0697198,44.4798017],[26.0697091,44.4798446],[26.0696447,44.4798875],[26.0696125,44.4798875],[26.0691297,44.4808102],[26.0690224,44.480778],[26.0689473,44.4807994],[26.0687649,44.4808853],[26.0687006,44.4809389],[26.0686576,44.481014],[26.0686576,44.4810784],[26.0687649,44.4812715],[26.0687649,44.4813788],[26.0687435,44.4814539],[26.0683787,44.4822156],[26.0708962,44.4828571]]}