{"text":"The trip takes <span class=\"length\">7.1 km</span> and <span class=\"time\">14 mins</span>.","distance":7140.0,"route":[[26.059631,44.433622],[26.059624,44.4340968],[26.0595489,44.4342041],[26.0595918,44.434526],[26.0601819,44.4391608],[26.0602033,44.4394398],[26.0602033,44.4396865],[26.0601282,44.4398797],[26.0601389,44.4402552],[26.0603428,44.4420576],[26.0604072,44.4424224],[26.060847,44.4439137],[26.0609758,44.4440424],[26.0610402,44.4441497],[26.0611153,44.4443214],[26.0612547,44.4447398],[26.0615551,44.4454908],[26.061877,44.4459951],[26.0623062,44.4464779],[26.0626817,44.4468105],[26.0631752,44.4471753],[26.0639369,44.4476151],[26.0647309,44.4480014],[26.0660076,44.44857],[26.0663295,44.4487095],[26.0673702,44.4491065],[26.0679603,44.4494069],[26.0686469,44.4497824],[26.0687327,44.4498146],[26.0692692,44.450115],[26.0695696,44.4503081],[26.0700846,44.4508553],[26.0702348,44.4509947],[26.0706103,44.4512951],[26.0710073,44.4515526],[26.0712004,44.4516599],[26.0719085,44.452014],[26.0724556,44.4523144],[26.0727453,44.4524539],[26.0732603,44.4527435],[26.0748053,44.4537306],[26.0758674,44.454385],[26.0774875,44.4553506],[26.0777557,44.4554579],[26.0780239,44.4555438],[26.0785604,44.4556832],[26.0797083,44.4559085],[26.0800517,44.4560051],[26.0801268,44.4560695],[26.0789251,44.4571638],[26.0777771,44.4581294],[26.0750091,44.4602859],[26.072681,44.462142],[26.0738182,44.4630325],[26.0743546,44.4635046],[26.0757816,44.4649529],[26.0758352,44.465071],[26.0760927,44.465307],[26.0774231,44.4668198],[26.0775733,44.4668949],[26.0778952,44.4669914],[26.0780454,44.4669378],[26.0781527,44.4669378],[26.0783029,44.46697],[26.0784531,44.4670773],[26.0784853,44.4671309],[26.0784853,44.4672489],[26.0784531,44.4673133],[26.0783887,44.4673669],[26.0782492,44.4674313],[26.0780346,44.467603],[26.0778201,44.467839],[26.077745,44.4679785],[26.073904,44.4756281],[26.0729063,44.4775701],[26.0728848,44.4778597],[26.073035,44.4779563],[26.0730565,44.478085],[26.073035,44.4782245],[26.0729384,44.4783103],[26.0728633,44.4783533],[26.0727775,44.4783747],[26.0725629,44.4783747],[26.0724127,44.4782996],[26.0693443,44.4794476],[26.0695481,44.4797266],[26.069634,44.4797266],[26.0696983,44.4797587],[26.0697198,44.4798017],[26.0697091,44.4798446],[26.0696447,44.4798875],[26.0696125,44.4798875],[26.0691297,44.4808102],[26.0690224,44.480778],[26.0689473,44.4807994],[26.0687649,44.4808853],[26.0687006,44.4809389],[26.0686576,44.481014],[26.0686576,44.4810784],[26.0687649,44.4812715],[26.0687649,44.4813788],[26.0687435,44.4814539],[26.0683787,44.4822156],[26.0708962,44.4828571]]}