{"text":"The trip takes <span class=\"length\">8.4 km</span> and <span class=\"time\">17 mins</span>.","distance":8447.0,"route":[[26.0279202,44.4368756],[26.0282958,44.4373047],[26.0283387,44.437412],[26.0284781,44.437573],[26.02777,44.4378948],[26.0280812,44.4382381],[26.0287893,44.4390321],[26.0343146,44.4364893],[26.0344326,44.4364464],[26.0350013,44.4363499],[26.035291,44.4363177],[26.0352695,44.4368005],[26.035291,44.4376588],[26.035409,44.4392037],[26.0355055,44.4414675],[26.0355592,44.4419503],[26.0356772,44.4424117],[26.0357952,44.4426799],[26.0359776,44.4429803],[26.0360849,44.4431198],[26.0377908,44.4451046],[26.037941,44.4452548],[26.0383594,44.4457805],[26.0386276,44.4461775],[26.03881,44.4464993],[26.0392392,44.4473469],[26.0394001,44.4476473],[26.0394752,44.4477546],[26.0395825,44.4478726],[26.0398293,44.448055],[26.0425544,44.4492996],[26.0431445,44.4495785],[26.0436594,44.4498575],[26.0443246,44.4502759],[26.0464168,44.4516599],[26.047039,44.4520462],[26.0482085,44.4528615],[26.0485089,44.4530439],[26.0487556,44.4531512],[26.048938,44.4532049],[26.050719,44.4534516],[26.0534978,44.4537199],[26.054045,44.4537842],[26.0574031,44.4540846],[26.0576713,44.4540954],[26.0588086,44.4542885],[26.0595059,44.4544709],[26.0599244,44.4546103],[26.0629177,44.4557047],[26.0642052,44.4561982],[26.0657072,44.4567454],[26.0669518,44.4572711],[26.0672951,44.457432],[26.0679495,44.4577754],[26.0684645,44.4580758],[26.0686791,44.458226],[26.0691404,44.4585907],[26.0695052,44.4589233],[26.0716724,44.4611228],[26.0724127,44.4618952],[26.072681,44.462142],[26.0738182,44.4630325],[26.0743546,44.4635046],[26.0757816,44.4649529],[26.0758352,44.465071],[26.0760927,44.465307],[26.0774231,44.4668198],[26.0775733,44.4668949],[26.0778952,44.4669914],[26.0780454,44.4669378],[26.0781527,44.4669378],[26.0783029,44.46697],[26.0784531,44.4670773],[26.0784853,44.4671309],[26.0784853,44.4672489],[26.0784531,44.4673133],[26.0783887,44.4673669],[26.0782492,44.4674313],[26.0780346,44.467603],[26.0778201,44.467839],[26.077745,44.4679785],[26.073904,44.4756281],[26.0729063,44.4775701],[26.0728848,44.4778597],[26.073035,44.4779563],[26.0730565,44.478085],[26.073035,44.4782245],[26.0729384,44.4783103],[26.0728633,44.4783533],[26.0727775,44.4783747],[26.0725629,44.4783747],[26.0724127,44.4782996],[26.0693443,44.4794476],[26.0695481,44.4797266],[26.069634,44.4797266],[26.0696983,44.4797587],[26.0697198,44.4798017],[26.0697091,44.4798446],[26.0696447,44.4798875],[26.0696125,44.4798875],[26.0691297,44.4808102],[26.0690224,44.480778],[26.0689473,44.4807994],[26.0687649,44.4808853],[26.0687006,44.4809389],[26.0686576,44.481014],[26.0686576,44.4810784],[26.0687649,44.4812715],[26.0687649,44.4813788],[26.0687435,44.4814539],[26.0683787,44.4822156],[26.0708962,44.4828571]]}